{"cameraMode":{"drawMode":0,"name":"Shaded","section":"Shading Mode"},"sceneLighting":true,"audioPlay":false,"sceneViewState":{"showFog":true,"showMaterialUpdate":false,"showSkybox":true,"showFlares":true,"showImageEffects":true,"showParticleSystems":true},"in2DMode":false,"pivot":{"x":2.9671716690063478,"y":0.9934296011924744,"z":-2.456688642501831},"rotation":{"x":-0.00988405104726553,"y":0.9897518157958984,"z":-0.08632631599903107,"w":-0.11332307010889054},"size":3.64870548248291,"orthographic":false}