{"cameraMode":{"drawMode":0,"name":"Shaded","section":"Shading Mode"},"sceneLighting":false,"audioPlay":false,"sceneViewState":{"showFog":true,"showMaterialUpdate":false,"showSkybox":false,"showFlares":true,"showImageEffects":true,"showParticleSystems":true},"in2DMode":false,"pivot":{"x":0.059826433658599856,"y":1.219629168510437,"z":-0.015739083290100099},"rotation":{"x":-0.1239643320441246,"y":0.058307427912950519,"z":-0.007297124247997999,"w":-0.9905470609664917},"size":1.8921464681625367,"orthographic":true}