{"cameraMode":{"drawMode":0,"name":"Shaded","section":"Shading Mode"},"sceneLighting":false,"audioPlay":false,"sceneViewState":{"showFog":true,"showMaterialUpdate":false,"showSkybox":false,"showFlares":true,"showImageEffects":true,"showParticleSystems":true},"in2DMode":false,"pivot":{"x":0.0438988097012043,"y":1.5451091527938843,"z":-0.14412415027618409},"rotation":{"x":-0.0019466622034087778,"y":-0.9966281056404114,"z":0.07820551842451096,"w":-0.024815015494823457},"size":0.9505142569541931,"orthographic":false}