{"cameraMode":{"drawMode":0,"name":"Shaded","section":"Shading Mode"},"sceneLighting":false,"audioPlay":false,"sceneViewState":{"showFog":true,"showMaterialUpdate":false,"showSkybox":false,"showFlares":true,"showImageEffects":true,"showParticleSystems":true},"in2DMode":false,"pivot":{"x":0.5768280029296875,"y":-4.283050537109375,"z":2.4747161865234377},"rotation":{"x":-0.1239643320441246,"y":0.058307427912950519,"z":-0.007297124247997999,"w":-0.9905470609664917},"size":70.4493179321289,"orthographic":true}