{"cameraMode":{"drawMode":0,"name":"Shaded","section":"Shading Mode"},"sceneLighting":false,"audioPlay":false,"sceneViewState":{"showFog":true,"showMaterialUpdate":false,"showSkybox":false,"showFlares":true,"showImageEffects":true,"showParticleSystems":true},"in2DMode":false,"pivot":{"x":8.57716178894043,"y":-4.737315654754639,"z":-3.772589683532715},"rotation":{"x":-0.06388145685195923,"y":-0.32019326090812685,"z":0.021644920110702516,"w":-0.9449512958526611},"size":11.244329452514649,"orthographic":true}