{"cameraMode":{"drawMode":0,"name":"Shaded","section":"Shading Mode"},"sceneLighting":false,"audioPlay":false,"sceneViewState":{"showFog":true,"showMaterialUpdate":false,"showSkybox":false,"showFlares":true,"showImageEffects":true,"showParticleSystems":true},"in2DMode":false,"pivot":{"x":-0.6114025115966797,"y":-0.9264469146728516,"z":-0.18739700317382813},"rotation":{"x":-0.1239643320441246,"y":0.058307427912950519,"z":-0.007297124247997999,"w":-0.9905470609664917},"size":11.046260833740235,"orthographic":true}