{"cameraMode":{"drawMode":0,"name":"Shaded","section":"Shading Mode"},"sceneLighting":false,"audioPlay":false,"sceneViewState":{"showFog":true,"showMaterialUpdate":false,"showSkybox":false,"showFlares":true,"showImageEffects":true,"showParticleSystems":true},"in2DMode":false,"pivot":{"x":15.743515014648438,"y":-63.793792724609378,"z":7.189872741699219},"rotation":{"x":-0.1239643320441246,"y":0.058307427912950519,"z":-0.007297124247997999,"w":-0.9905470609664917},"size":162.5003204345703,"orthographic":true}