{"cameraMode":{"drawMode":0,"name":"Shaded","section":"Shading Mode"},"sceneLighting":false,"audioPlay":false,"sceneViewState":{"showFog":true,"showMaterialUpdate":false,"showSkybox":false,"showFlares":true,"showImageEffects":true,"showParticleSystems":true},"in2DMode":false,"pivot":{"x":0.8397941589355469,"y":-2.1103439331054689,"z":4.00616455078125},"rotation":{"x":-0.1239643320441246,"y":0.058307427912950519,"z":-0.007297124247997999,"w":-0.9905470609664917},"size":65.97708129882813,"orthographic":true}