{"cameraMode":{"drawMode":0,"name":"Shaded","section":"Shading Mode"},"sceneLighting":true,"audioPlay":false,"sceneViewState":{"showFog":true,"showMaterialUpdate":false,"showSkybox":false,"showFlares":true,"showImageEffects":true,"showParticleSystems":true},"in2DMode":false,"pivot":{"x":-2.384185791015625e-7,"y":0.1399996280670166,"z":0.9904999732971191},"rotation":{"x":0.10181884467601776,"y":0.009247904643416405,"z":-0.0009465778130106628,"w":0.9947599172592163},"size":0.4642292261123657,"orthographic":false}