{"cameraMode":{"drawMode":0,"name":"Shaded","section":"Shading Mode"},"sceneLighting":true,"audioPlay":false,"sceneViewState":{"showFog":true,"showMaterialUpdate":false,"showSkybox":false,"showFlares":true,"showImageEffects":true,"showParticleSystems":true},"in2DMode":false,"pivot":{"x":0.30341657996177676,"y":0.5366865992546082,"z":1.0497853755950928},"rotation":{"x":0.046326544135808948,"y":0.41678282618522646,"z":-0.02127438597381115,"w":0.907575786113739},"size":1.1528708934783936,"orthographic":false}