{"cameraMode":{"drawMode":0,"name":"Shaded","section":"Shading Mode"},"sceneLighting":true,"audioPlay":false,"sceneViewState":{"showFog":true,"showMaterialUpdate":false,"showSkybox":false,"showFlares":true,"showImageEffects":true,"showParticleSystems":true},"in2DMode":false,"pivot":{"x":0.0,"y":0.13999998569488526,"z":0.8450000286102295},"rotation":{"x":0.10181884467601776,"y":0.009247904643416405,"z":-0.0009465778130106628,"w":0.9947599172592163},"size":0.41754376888275149,"orthographic":false}